100;100
150;9;9;28;10;1;5;5
1;1;1;1;1;1;1;1;1;1;1;1;1;1;1;1;1;1;1;1;1;1;1;1;1;1;1;1;1;1;1;1;1;1;1;1;1;1;1;1;1;1;1;1;1;1;1;1;1;1;1;1;1;1;1;1;1;1;1;1;1;1;1;1;1;1;1;1;1;1;1;1;1;1;1;1;1;1;1;1;1;1;1;1;1;1;1;1;1;1;1;1;1;1;1;1;1;1;1;1
1;0;0;0;0;0;0;0;0;0;0;0;0;0;0;0;1;0;1;0;1;0;0;0;0;0;0;0;0;0;0;0;1;0;0;1;0;0;0;0;0;0;0;0;0;0;0;0;0;0;0;0;0;1;0;0;0;0;0;0;0;0;0;0;0;0;0;0;1;0;0;0;0;0;0;0;0;0;0;0;0;0;0;0;0;0;0;0;0;0;0;0;0;0;0;0;0;0;0;1
1;0;1;1;1;1;1;1;1;1;1;1;1;1;1;0;1;0;1;0;1;0;1;0;1;1;1;1;1;1;1;0;1;1;0;1;1;1;1;1;1;1;1;1;1;1;1;1;1;1;1;1;0;1;0;1;0;1;1;1;1;1;0;1;1;1;1;0;1;0;0;0;0;0;0;0;0;0;0;0;0;0;0;0;0;0;0;0;0;0;0;0;0;0;0;0;0;0;0;1
1;0;0;0;0;0;0;0;0;0;0;0;0;0;1;0;1;0;1;0;0;0;1;0;0;0;0;0;0;0;0;0;0;0;0;0;0;0;0;0;0;0;0;0;0;0;0;0;0;0;0;1;0;1;0;1;0;1;0;0;0;1;0;1;0;0;0;0;1;0;0;1;1;0;0;1;1;0;0;1;1;0;0;1;1;0;0;1;1;0;0;1;1;0;0;1;1;0;0;1
1;1;1;1;1;1;1;1;1;1;1;1;1;1;1;0;1;0;1;1;1;1;1;1;1;1;1;1;1;1;1;1;1;1;0;1;1;1;1;1;1;1;1;1;1;1;1;1;1;1;1;1;0;1;0;1;0;1;0;1;0;1;0;1;0;1;1;1;1;0;0;1;1;0;0;1;1;0;0;1;1;0;0;1;1;0;0;1;1;0;0;1;1;0;0;1;1;0;0;1
1;0;0;0;0;0;0;0;0;0;0;0;0;0;0;0;1;0;0;0;0;0;0;0;0;0;0;0;0;0;0;0;0;1;0;1;0;0;0;0;0;0;0;0;0;0;0;0;0;0;0;0;0;1;0;1;0;1;0;1;0;1;0;1;0;0;0;0;1;0;0;0;0;0;0;0;0;0;0;0;0;0;0;0;0;0;0;0;0;0;0;0;0;0;0;0;0;0;0;1
1;0;1;1;1;1;1;1;1;1;1;1;1;1;1;1;1;1;1;1;1;1;1;1;1;1;0;1;0;1;1;1;0;1;0;1;1;1;1;1;1;1;1;1;1;1;1;1;1;1;1;1;0;1;0;1;0;1;0;1;0;1;0;1;1;1;0;1;1;0;0;0;0;0;0;0;0;0;0;0;0;0;0;0;0;0;0;4;4;4;4;4;4;4;0;0;0;0;0;1
1;0;1;0;0;0;0;0;0;0;0;0;0;0;0;0;0;0;0;0;1;0;0;0;0;1;0;1;0;1;0;1;0;1;0;0;0;0;0;0;0;0;0;0;0;0;0;0;0;0;0;1;0;1;0;1;0;1;0;1;0;1;0;1;0;0;0;0;1;0;0;1;1;0;0;0;0;0;0;0;0;0;0;0;0;0;0;4;4;4;4;4;4;4;0;1;1;0;0;1
1;0;1;1;1;1;1;1;1;1;1;1;1;1;1;1;1;1;1;0;1;0;1;1;0;1;0;1;0;1;0;1;0;1;0;1;1;1;1;1;1;1;1;1;1;1;1;1;1;1;1;1;0;1;0;1;0;1;0;1;0;1;0;1;1;0;1;1;1;0;0;1;1;0;0;0;0;0;0;0;0;0;0;0;0;0;0;4;4;4;4;4;4;4;0;1;1;0;0;1
1;0;1;0;0;0;0;0;0;0;0;0;0;0;0;0;0;0;1;0;1;0;1;1;0;1;0;0;0;1;0;1;0;1;0;1;0;0;0;0;0;0;0;0;0;0;0;0;0;0;0;0;0;1;0;1;0;1;0;1;0;1;0;1;0;0;0;0;1;0;0;0;0;0;0;0;0;0;0;0;0;0;0;0;0;0;0;4;4;4;4;4;4;4;0;0;0;0;0;1
1;0;1;0;1;1;1;1;1;1;1;1;1;1;1;1;1;0;1;0;1;0;1;1;0;1;1;1;1;1;0;1;0;1;1;1;1;7;1;1;1;1;1;1;1;1;1;1;1;1;1;1;0;1;0;1;0;1;0;1;0;1;0;1;1;1;1;0;1;0;0;0;0;0;0;0;0;0;0;0;0;0;0;0;0;0;0;4;4;4;4;4;4;4;0;0;0;0;0;1
1;0;1;0;1;20;1;0;0;0;0;0;0;0;0;0;1;0;1;0;1;0;1;1;0;0;0;0;0;0;0;1;0;0;0;0;0;0;0;0;0;0;0;0;0;0;0;0;0;0;0;1;0;1;0;1;0;1;0;1;0;1;0;1;0;0;0;0;1;0;0;1;1;0;0;0;0;0;0;0;0;0;0;0;0;0;0;4;4;4;4;4;4;4;0;1;1;0;0;1
1;0;1;0;1;8;1;0;4;0;0;0;0;0;0;0;1;0;1;0;1;1;1;0;0;1;1;1;1;1;0;1;1;1;1;1;1;1;1;1;1;1;1;1;1;1;1;1;1;1;1;1;0;1;0;1;0;1;0;1;0;1;0;1;0;1;1;1;1;0;0;1;1;0;0;0;0;0;0;0;0;0;0;0;0;0;0;4;4;4;4;4;4;4;0;1;1;0;0;1
1;0;1;0;1;0;0;0;0;0;0;0;0;0;0;0;1;0;1;0;0;0;0;0;0;0;0;0;0;0;0;0;0;0;0;1;0;0;0;0;0;0;0;0;0;0;0;0;0;0;0;0;0;1;0;1;0;1;0;1;0;1;0;1;0;0;0;0;1;0;0;0;0;0;0;0;0;0;0;0;0;0;0;0;0;0;0;4;4;4;4;4;4;4;0;0;0;0;0;1
1;0;1;0;1;0;4;0;0;0;0;0;0;0;0;0;1;0;1;0;1;1;1;1;1;1;1;1;1;1;0;1;1;1;0;1;1;1;1;1;1;1;1;1;1;1;0;1;0;1;1;1;0;1;0;1;0;1;0;1;0;1;0;1;1;1;0;1;1;0;0;0;0;0;0;0;0;0;0;0;0;0;0;0;0;0;0;4;4;4;4;4;4;4;0;0;0;0;0;1
1;0;1;0;1;0;0;0;0;0;0;0;0;0;0;0;1;0;1;0;1;0;0;0;0;0;0;0;0;1;0;1;0;0;0;0;1;0;0;0;0;0;0;0;0;1;0;1;0;1;0;1;0;1;0;1;0;1;0;1;0;1;0;1;0;0;0;0;1;0;0;1;1;0;0;0;0;0;0;0;0;0;0;18;0;0;0;4;4;4;4;4;4;4;0;1;1;0;0;1
1;0;1;0;1;0;0;0;0;0;0;0;0;0;0;0;1;0;1;0;1;0;1;1;1;1;1;1;0;1;0;1;0;1;1;0;1;0;1;0;1;1;0;1;0;1;0;1;0;1;0;1;0;1;0;1;0;1;0;1;0;1;0;1;1;0;1;1;1;0;0;1;1;0;0;0;0;0;0;0;0;0;0;0;0;0;0;4;4;4;4;4;4;4;0;1;1;0;0;1
1;0;1;0;1;0;0;0;0;0;0;0;0;0;0;0;1;1;1;0;1;0;1;0;0;0;0;1;0;1;0;1;0;1;1;0;1;0;1;0;1;0;0;1;0;1;0;1;0;1;0;1;0;1;0;1;0;1;0;1;0;1;0;1;0;0;0;0;1;0;0;0;0;0;0;0;0;0;0;0;0;0;0;0;0;0;0;4;4;4;4;4;4;4;0;0;0;0;0;1
1;0;1;0;1;0;0;0;0;0;0;0;0;0;0;0;7;0;0;0;1;0;1;0;1;1;0;1;0;1;0;1;0;1;1;0;1;0;1;0;1;0;0;1;0;1;0;1;0;1;0;1;0;1;0;1;0;1;0;1;0;1;0;1;1;1;1;0;1;0;0;0;0;0;0;0;0;0;0;0;0;0;0;0;0;0;0;4;4;4;4;4;4;4;0;0;0;0;0;1
1;0;1;0;1;0;0;0;0;0;0;0;0;0;0;0;1;1;1;1;1;0;1;0;1;1;0;1;0;1;0;0;0;0;0;0;1;0;1;0;1;0;0;1;0;1;0;1;0;1;0;1;0;1;0;1;0;1;0;1;0;1;0;1;0;0;0;0;1;0;0;1;1;0;0;0;0;0;0;0;0;0;0;0;0;0;0;4;4;4;4;4;4;4;0;1;1;0;0;1
1;0;1;0;1;1;1;1;1;1;8;1;1;1;1;1;1;0;0;0;1;0;1;0;0;0;0;1;0;1;0;1;1;1;1;1;1;0;1;0;1;0;0;1;0;1;0;1;0;1;0;1;0;1;0;1;0;1;0;1;0;1;0;1;0;1;1;1;1;0;0;1;1;0;0;0;0;0;0;0;0;0;0;0;0;0;0;4;4;4;4;4;4;4;0;1;1;0;0;1
1;0;1;0;0;0;0;0;0;1;0;1;0;0;0;0;0;0;1;0;1;0;1;0;1;1;0;1;0;1;0;0;0;0;0;0;0;0;1;0;1;0;0;1;0;1;0;1;0;1;0;1;0;1;0;1;0;1;0;1;0;1;0;1;0;0;0;0;7;16;0;0;0;0;0;0;0;0;0;0;0;0;0;0;0;0;0;4;4;4;4;4;4;4;0;0;0;0;0;1
1;0;1;0;1;1;1;1;0;1;0;1;0;1;1;1;1;1;1;0;1;0;1;0;1;1;0;1;0;1;0;1;1;1;1;1;1;0;1;0;1;0;1;1;0;1;0;1;0;1;0;1;0;1;0;1;0;1;0;1;0;1;0;1;1;1;1;1;1;0;0;0;0;0;0;0;0;0;0;0;0;0;0;0;0;0;0;4;4;4;4;4;4;4;0;0;0;0;0;1
1;0;1;0;1;0;0;1;0;1;0;1;0;0;0;0;0;0;1;0;1;0;1;0;0;0;0;1;0;1;0;1;0;0;0;0;1;0;1;0;1;0;1;0;0;1;0;1;0;1;0;1;0;1;0;1;0;1;0;1;0;1;0;1;0;0;0;0;1;0;0;1;1;0;0;0;0;0;0;0;0;0;0;0;0;0;0;4;4;4;4;4;4;4;0;1;1;0;0;1
1;0;1;0;0;0;0;1;0;1;0;1;1;1;1;0;1;1;1;0;1;0;1;0;1;1;0;1;0;1;0;1;0;1;1;0;1;0;1;0;1;0;1;0;1;1;1;1;0;1;0;1;0;1;0;1;0;1;0;1;0;1;0;1;0;1;1;0;1;0;0;1;1;0;0;0;0;0;0;0;0;0;0;0;0;0;0;4;4;4;4;4;4;4;0;1;1;0;0;1
1;0;1;1;1;1;1;1;0;1;0;1;0;0;0;0;0;0;1;0;1;0;1;0;1;1;0;1;0;1;0;1;0;0;0;0;1;0;1;0;1;0;1;0;1;0;0;0;0;1;0;0;0;1;0;1;0;1;0;1;0;1;0;1;0;1;0;0;1;0;0;0;0;0;0;0;0;0;0;0;0;0;0;0;0;0;0;4;4;4;4;4;4;4;0;0;0;0;0;1
1;0;0;0;0;0;0;0;0;1;0;1;0;1;0;0;1;0;1;0;1;0;1;0;0;0;0;1;0;1;0;1;0;0;1;1;1;0;1;1;1;0;1;0;1;0;1;1;1;1;1;1;0;1;0;1;0;1;0;1;0;1;0;1;0;1;0;1;1;0;0;0;0;0;0;0;0;0;0;0;0;0;0;0;0;0;0;0;0;0;0;0;0;0;0;0;0;0;0;1
1;0;1;0;1;1;1;1;1;1;8;1;1;1;1;1;1;0;1;0;1;0;1;0;1;1;0;1;0;1;0;1;0;1;1;0;0;0;0;0;0;0;1;0;1;0;0;0;0;0;0;0;0;1;0;1;0;1;0;1;0;1;0;1;0;1;0;0;1;0;0;1;1;0;0;1;1;0;0;1;1;0;0;1;1;0;0;1;1;0;0;1;1;0;0;1;1;0;0;1
1;0;1;0;1;0;0;0;0;0;0;0;0;0;0;0;1;0;1;0;1;0;1;0;1;1;0;1;0;1;0;1;0;0;1;0;1;0;1;1;1;0;1;0;1;1;1;1;0;1;0;1;0;1;0;1;0;1;0;1;0;1;0;1;0;1;1;0;1;0;0;1;1;0;0;1;1;0;0;1;1;0;0;1;1;0;0;1;1;0;0;1;1;0;0;1;1;0;0;1
1;0;1;0;1;0;0;0;0;0;0;0;0;0;0;0;1;0;1;0;1;0;1;0;0;0;0;0;0;0;0;1;1;0;1;0;1;0;1;0;1;0;1;0;0;0;0;1;0;1;0;1;0;1;0;1;0;1;0;1;0;1;0;1;0;1;0;0;1;0;0;0;0;0;0;0;0;0;0;0;0;0;0;0;0;0;0;0;0;0;0;0;0;0;0;0;0;0;0;1
1;0;1;0;1;0;0;0;0;0;0;0;0;0;0;0;1;0;1;0;1;0;1;0;1;1;1;1;0;1;0;1;0;0;1;0;1;0;1;0;1;0;1;1;1;1;0;1;0;1;0;1;0;1;0;1;0;1;0;1;0;1;0;1;0;1;0;1;1;0;0;0;0;0;0;0;0;0;0;0;0;0;0;0;0;0;0;0;0;0;0;0;0;0;0;0;0;0;0;1
1;0;1;0;1;22;22;21;21;22;22;22;22;22;22;22;1;0;1;0;1;0;1;0;0;0;0;0;0;1;0;0;0;0;1;0;1;0;1;0;1;0;0;0;0;1;0;1;0;1;0;1;0;1;0;1;0;1;0;1;0;1;0;1;0;1;0;0;1;1;1;1;1;1;1;1;1;1;1;1;1;1;1;1;1;1;1;1;1;1;1;1;1;1;1;1;1;7;1;1
1;0;1;0;1;22;22;22;21;22;22;22;22;22;22;22;1;0;1;0;1;0;1;0;1;1;1;1;1;1;1;1;1;1;1;0;1;0;1;0;1;1;1;1;1;1;0;1;0;1;0;1;1;1;0;1;0;1;0;1;0;1;1;1;0;1;1;0;0;0;0;0;0;0;0;0;0;0;1;0;0;0;0;0;0;0;0;0;0;0;0;0;0;0;0;0;0;0;0;1
1;0;1;0;1;22;22;21;21;22;22;22;22;22;22;22;1;0;1;0;1;0;1;0;1;0;1;0;1;0;0;0;1;0;0;0;1;0;1;0;0;0;0;0;0;0;0;1;0;1;0;0;0;0;0;0;0;1;0;1;0;0;0;0;0;1;0;0;1;1;1;1;1;1;1;1;0;0;0;0;0;1;1;1;1;1;1;1;1;1;1;1;1;1;1;1;1;1;0;1
1;0;1;0;1;22;22;21;22;22;22;22;22;22;22;22;1;0;1;0;1;0;1;0;1;0;0;0;1;0;1;0;1;0;1;1;1;0;1;1;1;1;1;1;1;1;1;1;0;1;1;1;1;1;1;1;1;1;0;1;1;1;1;1;0;1;0;1;1;0;0;0;0;0;0;0;0;1;0;1;0;0;0;0;0;0;0;0;0;0;0;0;0;0;0;0;0;0;0;1
1;0;1;0;1;0;0;0;0;0;0;0;0;0;0;0;1;0;1;0;1;0;1;0;1;0;1;0;1;0;1;0;1;0;1;0;0;0;0;0;0;0;0;0;0;0;0;0;0;0;0;0;0;0;0;0;0;0;0;0;0;0;0;1;0;1;0;1;0;0;0;1;1;1;1;1;1;1;0;1;1;1;1;1;1;1;1;1;1;1;1;1;1;1;1;1;1;1;0;1
1;0;1;0;1;0;0;0;0;0;0;0;0;0;0;0;1;0;1;0;1;0;1;0;0;0;1;0;0;0;1;0;1;0;1;0;0;0;0;0;0;0;0;0;0;0;0;0;0;0;0;0;0;0;0;0;0;0;0;0;0;0;0;1;0;1;0;1;1;1;0;1;0;0;0;0;0;0;0;0;0;0;0;0;0;0;0;0;0;0;0;0;0;0;0;0;0;1;0;1
1;0;1;0;1;0;0;0;0;0;0;0;0;0;0;0;1;0;1;0;1;0;1;0;1;1;1;1;1;1;1;1;1;0;1;0;0;1;1;0;1;1;0;1;1;0;1;1;1;1;1;1;0;1;1;0;1;1;0;1;1;0;0;1;0;1;0;0;0;1;0;1;0;1;1;1;1;1;0;1;1;1;1;1;1;1;1;1;1;1;1;1;1;1;1;1;0;1;0;1
1;0;1;0;1;0;0;0;0;0;0;0;0;0;18;0;1;0;1;0;1;0;1;0;1;0;0;0;0;0;0;0;1;0;1;0;0;1;1;0;1;1;0;1;1;0;1;1;1;1;1;1;0;1;1;0;1;1;0;1;1;0;0;1;0;1;1;1;0;1;0;1;0;1;0;0;5;1;0;1;6;0;0;0;0;0;0;0;0;0;0;0;0;0;0;1;0;1;0;1
1;0;1;0;1;1;1;1;1;1;19;1;1;1;1;1;1;0;1;0;1;0;1;0;1;0;1;1;1;1;1;0;1;0;1;0;0;0;0;0;0;0;0;0;0;0;0;0;0;0;0;0;0;0;0;0;0;0;0;0;0;0;0;1;0;0;0;1;0;1;0;1;0;1;0;1;1;0;0;0;1;1;0;0;1;1;0;0;1;1;0;0;1;1;0;1;0;1;0;1
1;0;1;0;0;0;0;0;0;1;0;1;0;0;0;0;0;0;1;0;0;0;1;0;1;0;1;0;0;0;1;0;1;0;1;0;0;1;1;0;0;0;0;0;0;0;0;0;0;0;0;0;0;0;0;0;0;0;0;1;1;0;0;1;1;1;1;1;0;1;0;1;0;1;0;1;1;0;0;0;1;1;0;0;1;1;0;0;1;1;0;0;1;1;0;1;0;1;0;1
1;0;1;1;1;1;1;1;0;1;0;1;0;1;1;1;1;1;1;1;1;1;1;0;1;0;1;0;23;0;1;0;1;0;1;0;0;1;1;0;0;1;1;1;1;1;0;0;0;0;0;0;1;1;1;1;1;0;0;1;1;0;0;0;0;0;0;0;0;1;0;1;0;1;0;0;0;0;0;0;0;0;0;0;0;0;0;0;0;0;0;0;0;0;0;1;0;1;0;1
1;0;0;0;0;0;0;0;0;1;0;1;0;0;0;0;0;0;0;0;0;0;0;0;1;0;1;0;0;0;19;0;8;0;1;0;0;0;0;0;0;1;1;1;1;0;0;1;0;0;1;0;0;1;1;1;1;0;0;0;0;0;0;1;1;1;1;1;1;1;0;1;0;1;1;1;1;1;1;1;1;1;1;1;1;1;1;1;1;1;1;1;1;1;1;1;0;1;0;1
1;1;0;1;1;1;1;1;1;1;7;1;1;1;1;1;1;1;0;1;0;1;1;0;1;0;1;1;1;1;1;1;1;1;1;0;0;1;1;0;0;1;1;5;0;0;0;1;0;0;1;0;0;0;6;1;1;0;0;1;1;0;0;1;0;0;0;0;0;0;0;1;0;0;0;0;0;0;0;0;0;0;0;0;0;0;0;0;0;0;0;0;0;0;0;1;0;1;0;1
1;0;0;1;1;0;1;1;0;1;10;1;0;1;1;0;1;1;0;1;0;1;1;0;1;0;0;0;0;0;0;0;0;0;0;0;0;1;1;0;0;1;1;0;1;1;1;1;0;0;1;1;1;1;0;1;1;0;0;1;1;0;0;1;0;1;1;1;1;1;0;1;1;1;1;1;1;1;1;1;1;1;1;1;1;1;1;1;1;1;1;1;1;0;1;1;0;1;0;1
1;0;1;1;1;8;1;1;8;1;0;1;8;1;1;8;1;1;0;1;0;1;1;0;1;1;1;1;1;1;1;1;1;1;1;0;0;0;0;0;0;1;0;0;1;1;1;1;0;0;1;1;1;1;0;0;1;0;0;0;0;0;0;1;0;0;0;0;0;0;0;0;0;0;0;0;0;0;0;0;0;0;0;0;0;0;0;0;0;0;0;0;1;0;0;1;0;1;0;1
1;0;0;1;0;0;0;0;0;0;0;0;0;0;0;0;0;1;0;1;0;1;1;0;0;0;0;0;0;0;0;0;0;0;1;0;0;1;1;0;0;0;0;0;1;1;0;0;0;0;0;0;1;1;0;0;0;0;0;1;1;0;0;1;1;1;1;1;1;1;1;1;1;1;1;1;1;1;1;1;1;1;1;1;1;1;1;1;1;1;1;0;1;0;0;1;0;1;0;1
1;1;0;1;1;8;1;1;8;1;0;1;8;1;1;8;1;1;0;1;0;1;1;0;1;1;1;1;1;1;1;1;1;0;1;0;0;1;1;0;0;0;1;1;1;1;0;1;1;0;1;0;1;1;1;1;0;0;0;1;1;0;0;0;0;0;0;0;0;0;0;0;0;0;0;0;0;0;0;0;0;0;0;0;0;0;0;0;0;0;1;0;1;0;0;1;0;1;0;1
1;0;0;1;1;0;1;1;0;1;0;1;0;1;1;23;1;1;0;1;0;0;0;0;1;0;0;0;0;0;0;0;1;0;1;0;0;1;1;0;0;0;0;0;0;0;0;0;2;0;1;0;0;0;0;0;0;0;0;1;1;0;0;1;1;1;1;1;1;1;1;1;1;1;1;1;1;1;1;1;1;1;1;1;1;1;1;1;1;0;1;0;1;1;0;1;0;1;0;1
1;0;1;1;1;1;1;1;1;1;0;1;1;1;1;1;1;1;0;1;0;1;1;0;1;0;1;0;1;1;1;1;1;0;1;0;0;1;1;0;0;0;0;0;0;0;0;1;0;0;0;0;0;0;0;0;0;0;0;1;1;0;0;1;0;0;0;0;0;0;0;0;0;0;0;0;0;0;0;0;0;0;0;0;0;0;0;0;1;0;1;0;1;0;0;1;0;1;0;1
1;0;0;1;1;1;1;1;1;1;8;1;1;1;1;1;1;1;0;1;0;1;0;0;1;0;1;0;1;0;0;0;0;0;1;0;0;1;1;0;0;0;1;1;1;1;0;1;0;1;1;0;1;1;1;1;0;0;0;1;1;0;0;1;0;1;1;1;1;1;1;1;1;1;0;1;8;1;1;1;1;1;1;1;1;1;1;1;1;0;1;0;1;0;0;1;0;1;0;1
1;1;0;0;0;1;0;0;0;1;0;1;0;0;0;0;0;0;0;1;0;1;1;1;1;0;1;0;1;1;1;1;1;1;1;0;0;1;1;0;0;0;0;0;1;1;0;0;0;0;0;0;1;1;0;0;0;0;0;1;1;0;0;1;0;0;0;0;0;0;0;0;0;0;0;1;0;0;0;0;0;0;0;0;0;0;0;0;0;0;1;0;1;0;0;1;0;1;0;1
1;0;0;1;0;0;0;1;0;1;0;1;0;0;0;0;0;0;0;1;0;0;0;0;0;0;1;0;0;0;0;0;0;0;0;0;0;0;0;0;0;1;0;0;1;1;1;1;0;0;1;1;1;1;0;0;1;0;0;0;0;0;0;1;1;1;1;1;1;1;1;1;1;1;0;1;0;1;1;1;1;1;1;1;1;1;1;1;1;1;1;0;1;0;1;1;0;1;0;1
1;0;0;1;1;1;1;1;1;1;0;1;1;1;1;1;1;1;0;1;1;1;1;1;1;0;1;0;1;1;1;1;1;1;1;0;0;1;1;0;0;1;1;0;1;1;1;1;0;0;1;1;1;1;0;1;1;0;0;1;1;0;0;0;0;0;0;0;0;0;0;0;0;1;0;1;0;1;0;0;0;0;0;0;0;0;0;0;0;0;0;0;1;0;0;1;0;1;0;1
1;0;1;1;25;25;25;25;25;25;24;25;25;25;25;25;25;1;0;0;0;0;0;0;1;0;1;0;1;0;0;0;0;0;1;0;0;1;1;0;0;1;1;6;0;0;0;1;0;0;1;0;0;18;5;1;1;0;0;1;1;0;0;1;1;1;1;1;1;1;1;1;0;1;0;1;0;1;1;1;1;1;1;1;1;1;1;1;1;1;1;0;1;0;0;1;0;1;0;1
1;0;0;1;25;25;25;25;25;25;24;25;25;25;25;25;25;1;0;1;0;1;1;0;1;0;1;0;1;1;8;1;1;0;1;0;0;0;0;0;0;1;1;1;1;0;0;1;0;0;1;0;0;1;1;1;1;0;0;0;0;0;0;1;0;8;0;19;0;0;0;1;0;1;0;1;0;0;0;0;0;0;0;0;0;0;0;0;0;0;1;0;1;0;0;1;0;1;0;1
1;1;0;1;25;25;25;25;25;25;24;24;25;25;25;25;25;1;0;1;0;1;1;0;1;0;0;0;0;0;0;0;1;0;1;0;0;1;1;0;0;1;1;1;1;1;0;0;0;0;0;0;1;1;1;1;1;0;0;1;1;0;0;1;0;1;0;1;0;101;0;13;0;1;0;1;1;1;1;1;1;1;1;1;1;1;1;1;1;0;1;0;1;1;0;1;0;1;0;1
1;0;0;1;25;25;25;25;25;25;25;24;25;25;25;25;25;1;0;1;0;1;1;0;1;1;1;1;1;1;1;1;1;0;1;0;0;1;1;0;0;0;0;0;0;0;0;0;0;0;0;0;0;0;0;0;0;0;0;1;1;0;0;1;0;1;0;1;0;0;0;1;0;1;0;0;0;0;0;0;0;0;0;0;0;0;0;0;1;0;1;0;1;0;0;1;0;1;0;1
1;0;1;1;25;25;25;25;25;25;25;24;24;24;25;25;25;1;0;1;0;1;0;0;0;0;0;1;0;0;0;1;0;0;1;0;0;0;0;0;0;0;0;0;0;0;0;0;0;0;0;0;0;0;0;0;0;0;0;0;0;0;0;1;0;1;0;1;1;1;1;1;0;1;0;1;1;1;1;1;1;1;1;1;1;1;1;1;1;0;1;0;1;0;0;1;0;1;0;1
1;0;0;1;25;25;25;25;25;25;25;25;25;24;25;25;25;1;0;1;0;1;1;0;1;0;0;0;0;1;0;0;0;1;1;0;0;1;1;0;1;1;0;1;1;0;1;1;1;1;1;1;0;1;1;0;1;1;0;1;1;0;0;1;0;1;0;0;0;0;0;0;0;1;0;8;0;0;0;0;0;0;0;0;0;0;0;0;0;0;1;0;1;0;0;1;0;1;0;1
1;1;0;1;25;25;25;25;25;25;25;25;25;24;25;25;25;1;0;1;0;1;1;0;1;0;1;1;1;1;1;1;1;1;1;0;0;1;1;0;1;1;0;1;1;0;1;1;1;1;1;1;0;1;1;0;1;1;0;1;1;0;0;1;0;1;1;1;1;1;1;1;1;1;0;1;0;1;1;1;1;1;1;1;1;1;1;1;1;1;1;0;1;0;1;1;0;1;0;1
1;0;0;1;25;25;25;25;25;25;25;25;25;24;25;25;25;1;0;1;0;1;1;0;1;0;1;0;0;0;0;0;0;0;0;0;0;0;0;0;0;0;0;0;0;0;0;0;0;0;0;0;0;0;0;0;0;0;0;0;0;0;0;1;0;1;0;0;0;0;0;0;0;1;0;1;0;1;0;0;0;0;0;0;0;0;0;0;0;0;0;0;1;0;0;1;0;1;0;1
1;0;1;1;25;25;25;25;24;24;24;24;24;24;25;25;25;1;0;1;0;1;1;0;1;0;1;0;1;1;1;1;1;1;1;0;0;0;0;0;0;0;0;0;0;0;0;0;0;0;0;0;0;0;0;0;0;0;0;0;0;0;0;1;0;1;0;1;1;1;1;1;0;1;0;1;0;1;1;1;1;1;1;1;1;1;1;1;1;1;1;0;1;0;0;1;0;1;0;1
1;0;0;1;25;25;25;25;24;25;25;25;25;25;25;25;25;1;0;1;0;0;0;0;1;0;1;0;1;0;0;0;0;0;1;1;1;1;1;1;1;0;1;1;1;1;1;1;1;0;1;1;1;1;1;1;0;1;1;1;1;1;1;1;0;1;0;0;0;0;0;0;0;1;0;1;0;0;0;0;0;0;0;0;0;0;0;0;0;0;1;0;1;0;0;1;0;1;0;1
1;1;0;1;25;25;25;25;24;25;25;25;25;25;25;25;25;1;0;1;0;1;1;0;1;0;1;0;1;0;1;1;1;0;0;0;0;0;0;0;1;0;1;0;0;0;0;0;1;0;1;0;0;0;0;1;0;1;0;1;0;0;0;1;0;1;0;1;1;1;1;1;1;1;0;1;1;1;1;1;1;1;1;1;1;1;1;1;1;0;1;0;1;1;0;1;0;1;0;1
1;0;0;1;25;25;25;25;24;24;25;25;25;25;25;25;25;1;0;1;0;1;1;0;1;0;1;0;1;0;1;0;1;0;1;1;1;1;1;8;1;0;1;0;1;1;1;0;1;0;1;0;1;1;0;1;0;1;0;0;0;1;0;0;0;1;0;0;0;0;0;0;0;0;0;0;0;0;0;0;0;0;0;0;0;0;0;0;1;0;1;0;1;0;0;1;0;1;0;1
1;0;1;1;25;25;25;25;25;24;25;25;25;25;25;25;25;1;0;1;0;1;1;0;1;0;1;0;1;0;1;0;1;0;1;0;0;0;0;0;1;0;1;0;1;0;1;0;1;0;1;0;1;1;0;1;0;1;0;1;1;1;1;1;1;1;0;1;1;1;1;1;1;1;0;1;1;1;1;1;1;1;1;1;1;1;1;1;1;0;1;0;1;0;0;1;0;1;0;1
1;0;0;1;25;25;25;25;25;24;25;25;25;25;25;25;25;1;0;1;0;1;0;0;1;0;1;0;1;0;1;0;1;0;1;0;1;1;1;19;1;0;1;0;1;0;1;0;1;0;1;0;1;1;0;1;0;1;0;1;0;0;0;0;0;0;0;1;0;0;0;0;0;1;0;1;0;0;0;0;0;0;0;0;0;0;0;0;0;0;1;0;1;0;0;1;0;1;0;1
1;0;1;1;1;1;1;1;1;7;1;1;1;1;1;1;1;1;0;0;0;1;1;0;1;0;1;0;1;0;1;0;1;0;1;0;1;0;0;0;1;0;1;0;1;0;1;0;1;0;1;0;1;1;0;1;0;1;0;1;0;1;1;1;1;1;1;1;0;1;1;1;0;1;0;1;0;1;1;1;1;1;1;1;1;1;1;1;1;1;1;0;1;0;1;1;0;1;0;1
1;0;1;1;1;1;1;1;1;0;1;1;1;1;1;1;1;1;1;1;1;1;1;0;1;0;1;0;1;0;1;0;1;0;1;0;1;0;102;0;1;0;1;0;1;0;1;0;1;0;1;0;1;1;0;1;0;1;0;1;0;1;0;1;0;0;0;0;0;1;0;1;0;1;0;1;0;1;0;0;0;0;0;0;0;0;0;0;0;0;0;0;1;0;0;1;0;1;0;1
1;0;0;0;0;0;0;0;0;0;0;0;0;0;0;0;0;0;0;0;0;0;0;0;1;0;1;0;1;0;1;0;1;0;1;0;1;0;0;0;1;0;1;0;1;0;1;0;1;0;1;0;1;0;0;1;0;1;0;1;0;1;0;0;0;1;0;1;1;1;0;1;0;1;0;1;0;1;1;1;1;1;1;1;1;1;1;1;1;1;1;1;1;0;0;1;0;1;0;1
1;0;1;1;1;1;1;1;1;0;1;1;1;1;1;1;1;1;1;1;1;1;1;1;1;0;1;0;1;0;1;0;1;0;1;0;1;1;1;1;1;0;1;0;1;0;1;0;0;0;1;0;1;0;1;1;7;1;1;1;7;1;1;1;1;1;0;1;0;0;0;1;0;1;0;1;0;0;0;0;0;0;0;0;0;0;0;0;0;0;0;0;0;0;0;1;0;1;0;1
1;0;1;0;0;0;0;0;1;0;0;0;0;0;0;0;0;0;0;0;0;0;0;0;0;0;1;0;1;0;1;0;1;0;1;0;0;0;0;0;0;0;1;0;1;0;1;0;1;0;1;0;1;0;1;0;0;0;0;0;0;0;0;0;0;1;0;1;0;1;0;1;0;1;0;1;1;1;1;1;1;1;1;1;1;1;1;1;1;1;1;1;1;1;1;1;0;1;0;1
1;0;1;0;1;1;1;1;1;0;1;1;1;0;1;1;1;0;1;1;1;0;1;1;1;0;1;0;1;0;1;0;1;0;1;1;1;1;1;1;1;1;1;1;1;0;1;1;1;0;1;0;1;0;1;15;0;0;0;0;0;0;0;15;0;1;0;1;0;1;0;1;0;0;0;0;0;0;0;0;0;0;0;0;0;0;0;0;0;0;0;0;0;0;0;1;0;1;0;1
1;0;1;0;1;0;0;0;0;0;1;0;1;0;1;0;1;0;1;0;1;0;1;0;1;0;1;0;1;0;1;0;1;0;0;0;0;0;0;0;0;0;0;0;0;0;0;0;1;0;1;0;1;0;1;0;0;0;15;0;0;15;0;0;0;1;0;1;0;1;0;1;1;1;1;1;1;1;1;1;1;1;1;1;1;1;1;1;1;1;1;1;1;1;0;1;0;1;0;1
1;0;1;0;1;1;1;1;1;1;1;0;1;1;1;0;1;1;1;0;1;1;1;0;1;0;1;0;1;0;1;0;1;1;1;1;1;1;1;1;1;1;1;1;1;1;1;1;1;0;1;0;1;0;1;0;0;0;0;0;0;0;0;0;0;1;0;1;0;1;0;0;0;1;0;1;0;0;0;0;0;0;0;1;0;0;0;1;0;1;0;0;0;1;0;1;0;1;0;1
1;0;1;0;0;0;0;0;0;0;0;0;0;0;0;0;0;0;0;0;0;0;0;0;0;0;1;0;1;0;1;0;0;0;0;0;0;0;0;0;0;0;0;0;0;0;0;0;0;0;1;0;0;0;1;0;15;0;0;0;0;0;0;15;0;1;0;1;0;1;0;1;0;1;0;1;1;1;0;1;1;1;0;0;0;1;0;1;0;1;0;1;0;1;0;1;0;1;0;1
1;0;1;1;1;1;1;1;1;1;1;1;1;1;1;1;1;1;1;1;0;1;0;1;0;0;1;0;1;0;1;0;1;1;1;1;1;1;1;1;1;1;1;1;1;1;1;1;1;0;1;1;0;0;1;0;0;0;0;0;15;0;0;0;0;1;0;1;0;1;0;1;0;1;0;1;0;8;0;8;18;1;1;1;1;1;0;1;0;1;0;1;0;1;0;1;0;1;0;1
1;0;1;0;0;0;0;0;0;0;0;0;0;0;0;0;0;0;0;1;0;1;0;1;0;1;1;0;1;0;1;0;1;0;0;0;0;0;0;0;0;0;0;0;0;0;0;0;1;0;0;1;1;1;1;15;0;0;0;0;0;0;0;0;0;1;0;1;0;1;0;1;0;1;0;1;1;1;0;1;1;1;0;0;0;0;0;0;0;1;0;1;0;1;0;1;0;1;0;1
1;0;1;0;1;1;1;1;0;1;1;1;1;0;1;1;1;1;0;1;0;1;0;1;0;0;1;0;1;0;1;0;1;0;1;1;0;1;1;0;1;1;0;1;1;0;1;0;1;1;0;0;0;0;7;0;0;0;0;0;0;0;0;0;0;1;0;1;0;1;0;1;0;1;0;1;0;0;0;0;0;1;0;1;1;1;0;1;0;1;0;1;0;1;0;1;0;1;0;1
1;0;1;0;1;4;4;7;0;1;5;5;1;0;1;6;6;1;0;1;0;1;0;1;1;0;1;0;1;0;1;0;1;0;1;1;0;1;1;0;1;1;0;1;1;0;1;0;0;1;1;1;1;1;1;14;14;14;17;17;14;14;14;14;14;1;0;1;0;1;0;1;0;1;0;1;1;1;0;1;1;1;0;1;1;1;0;1;0;0;0;1;0;1;0;1;0;1;0;1
1;0;1;0;1;4;4;1;0;1;5;5;0;0;1;6;6;1;0;1;0;1;0;1;0;0;1;0;1;0;1;0;1;0;0;0;0;0;0;0;0;0;0;0;0;0;0;0;0;0;0;0;0;0;1;14;14;14;17;17;14;14;14;14;14;1;0;1;0;1;0;1;0;1;0;1;4;8;0;8;0;1;0;0;0;0;0;1;0;1;1;1;0;1;0;1;0;1;0;1
1;0;1;0;1;4;4;1;0;1;5;5;1;0;1;6;6;1;0;1;0;1;0;1;0;1;1;0;1;0;1;0;1;0;1;1;0;1;1;0;1;1;0;1;1;0;1;1;0;1;1;0;1;0;1;14;14;14;17;17;14;14;14;14;14;1;0;1;0;1;0;1;0;1;0;1;1;1;0;1;1;1;0;1;1;1;0;1;0;1;0;0;10;19;0;1;0;1;0;1
1;0;1;0;1;1;1;1;0;1;1;1;1;0;1;0;0;1;0;1;0;1;0;1;0;0;1;0;1;0;1;0;1;0;1;1;0;1;1;0;1;1;0;1;1;0;1;1;0;1;1;0;1;0;1;14;14;14;17;17;14;14;14;14;14;1;0;1;0;1;0;1;0;1;0;1;0;0;0;0;0;1;0;1;1;1;0;1;0;1;1;1;0;1;0;1;0;1;0;1
1;0;1;0;0;0;0;0;0;0;0;0;0;0;0;0;0;0;0;1;0;1;0;1;1;0;1;0;1;0;1;0;1;0;0;0;0;0;0;0;0;0;0;0;0;0;0;0;0;0;0;0;0;0;1;0;0;0;0;0;0;0;0;0;0;1;0;1;0;1;0;1;0;1;0;1;1;1;0;1;1;1;0;0;0;0;0;1;0;0;0;1;0;1;0;1;0;1;0;1
1;0;1;12;1;1;1;1;1;1;1;1;1;1;1;1;1;1;1;1;0;1;0;1;0;0;1;0;1;1;1;0;1;0;1;1;0;1;1;0;1;1;0;1;1;0;1;1;0;1;1;0;1;0;1;0;0;0;0;0;0;0;0;0;0;1;0;1;0;1;0;1;0;1;0;1;0;8;0;8;0;1;0;1;1;1;0;1;0;1;0;1;0;1;0;1;0;1;0;1
1;0;0;0;1;0;0;0;0;0;0;0;1;0;0;0;0;0;0;0;0;0;0;0;0;0;1;0;0;0;0;0;1;0;1;1;0;1;1;0;1;1;0;1;1;0;1;1;0;1;1;0;1;0;1;0;0;0;0;0;0;0;0;0;0;1;0;1;0;1;0;1;0;1;0;1;1;1;0;1;1;1;0;1;1;1;0;1;0;1;0;1;0;1;0;1;0;1;0;1
1;0;1;1;1;0;1;1;1;0;1;0;1;0;1;1;1;1;1;1;1;1;1;1;1;1;1;0;1;1;1;1;1;0;0;0;0;0;0;0;0;0;0;0;0;0;0;0;0;0;0;0;0;0;1;0;0;0;0;0;0;0;0;0;0;1;0;1;0;1;0;1;0;1;0;1;0;0;0;0;0;1;0;0;0;0;0;1;0;1;0;1;0;1;0;1;0;1;0;1
1;0;0;0;1;0;1;0;1;0;1;0;1;1;1;0;1;0;0;0;0;0;0;0;0;0;0;0;0;0;0;0;0;0;0;1;1;1;1;1;1;1;1;1;1;1;1;1;1;1;1;1;1;0;1;0;0;0;0;0;0;0;0;0;0;1;0;1;0;1;0;1;0;1;0;1;1;1;0;1;1;1;0;1;1;1;0;1;0;1;0;1;0;1;0;1;0;1;0;1
1;1;1;0;1;0;1;0;1;0;1;0;0;0;0;0;1;0;1;1;1;1;1;1;1;1;1;0;1;1;1;1;1;1;0;1;0;0;0;0;1;1;0;0;0;0;1;1;0;0;0;0;1;0;1;0;0;0;0;0;0;0;0;0;0;1;0;1;0;1;0;1;0;1;0;1;11;8;0;8;0;1;0;1;1;1;0;1;0;1;0;1;0;1;0;1;0;1;0;1
1;0;0;0;1;0;1;0;1;0;1;0;1;0;1;0;1;0;1;0;0;0;0;0;1;0;0;0;0;0;0;0;0;0;0;1;0;1;1;0;1;1;0;1;1;0;1;1;0;1;1;0;1;0;1;0;0;0;0;0;0;0;0;0;0;1;0;1;0;1;0;1;0;1;0;1;1;1;0;1;1;1;0;0;0;0;0;1;0;1;0;1;0;1;0;1;0;1;0;1
1;0;1;1;1;0;1;0;1;0;1;0;1;0;1;0;1;0;1;0;1;0;1;0;1;0;1;1;1;1;1;1;1;1;0;1;0;1;1;0;1;1;0;1;1;0;1;1;0;1;1;0;1;0;1;0;18;0;0;0;0;0;0;0;0;1;0;1;0;1;0;1;0;1;0;1;0;0;0;0;0;1;0;1;1;1;0;1;0;1;0;0;0;1;0;0;0;0;0;9
1;0;1;0;0;0;1;0;1;0;1;0;1;0;1;0;1;0;1;0;1;0;1;0;1;0;0;0;0;0;0;0;0;0;0;0;0;1;1;0;0;0;0;1;1;0;0;0;0;1;1;0;0;0;1;1;1;1;1;1;1;1;1;1;1;1;0;1;1;1;0;1;0;1;0;1;1;1;0;1;1;1;0;1;1;1;0;1;0;1;1;0;1;1;1;1;1;1;1;0
1;0;1;0;1;1;1;0;1;0;1;0;1;0;1;0;1;0;1;0;1;0;1;0;1;0;1;1;1;1;1;1;1;1;1;1;1;1;1;1;1;1;1;1;1;1;1;1;1;1;1;1;1;0;0;1;0;1;0;1;0;0;0;1;0;0;0;1;0;0;0;1;0;1;0;1;0;8;0;8;4;1;0;0;0;0;0;0;0;0;1;0;1;0;0;0;0;0;0;0
1;0;1;0;1;0;0;0;1;0;1;0;1;0;1;0;1;0;1;0;1;0;1;0;1;0;0;0;0;0;0;0;0;0;0;0;0;0;0;0;0;0;0;0;0;0;0;0;0;0;0;0;0;0;0;1;0;0;0;1;0;1;0;1;0;1;0;1;0;1;0;1;0;1;0;1;1;1;0;1;1;1;1;1;1;1;0;1;0;1;1;0;1;0;1;0;1;1;0;1
1;0;1;0;1;0;1;1;1;0;1;0;1;0;1;0;1;0;1;0;1;0;1;0;1;1;1;1;1;1;1;1;1;1;1;1;1;1;1;1;1;1;1;1;1;1;1;1;1;1;1;1;1;1;0;0;0;1;0;1;0;1;0;1;0;1;0;1;0;1;0;1;0;1;0;1;0;1;0;0;0;1;0;0;0;1;0;1;0;0;1;0;1;0;1;0;0;1;0;1
1;0;1;0;1;0;1;0;0;0;1;0;1;0;1;0;1;0;1;0;1;0;1;0;0;0;0;0;0;0;0;0;0;0;0;0;0;0;0;0;0;0;0;0;0;0;0;0;0;0;0;0;0;0;0;1;0;1;0;0;0;1;0;0;0;1;0;1;0;1;0;1;0;1;0;1;0;0;0;1;0;0;0;1;0;0;0;1;1;0;1;0;1;0;1;0;0;1;0;1
1;0;1;1;1;0;1;1;1;1;1;1;1;0;1;0;1;1;1;0;1;1;1;1;1;1;1;1;1;1;1;1;1;1;1;1;1;1;1;1;1;1;1;1;1;1;1;1;1;1;1;1;1;1;1;1;1;1;1;1;1;1;1;1;1;1;1;1;0;1;1;1;0;1;0;1;1;1;1;1;1;1;1;1;1;1;1;1;1;0;1;0;1;0;1;1;0;1;0;1
1;0;0;0;0;0;0;0;0;0;0;0;0;0;1;0;0;0;0;0;0;0;0;0;0;0;0;0;0;0;0;0;0;0;0;0;0;0;0;0;0;0;0;0;0;0;0;0;0;0;0;0;0;0;0;0;0;0;0;0;0;0;0;0;0;0;0;0;0;0;0;0;0;1;0;0;0;0;0;0;0;0;0;0;0;0;0;0;0;0;0;0;1;0;0;0;0;0;0;1
1;1;1;1;1;1;1;1;1;1;1;1;1;1;1;1;1;1;1;1;1;1;1;1;1;1;1;1;1;1;1;1;1;1;1;1;1;1;1;1;1;1;1;1;1;1;1;1;1;1;1;1;1;1;1;1;1;1;1;1;1;1;1;1;1;1;1;1;1;1;1;1;1;1;1;1;1;1;1;1;1;1;1;1;1;1;1;1;1;1;1;1;1;1;1;3;3;1;1;1


